# Nivel absoluto NAO e cotacao. Duas celulas da tabela de aliquotas carregam 34,5%
# do volume e nao foram verificadas em norma: BENS_SERVICOS OUT (0,38% no codigo,
# comentario admite que bens isento e servicos foram colapsados) e ATIVOS_VIRTUAIS
# OUT (3,5% por fallback, marcado INCERTO no proprio codigo). A margem de erro do
# nivel e de cerca de 2x. A FORMA das curvas nao depende dessas celulas.
nome_mix,n_clientes,janela_dias,horizonte_dias,n_sementes,economia_bps_p10,economia_bps_p50,economia_bps_p90,dias_espera_p90_volume_casado_p50,dias_espera_p90_volume_remetido_p50,pct_volume_espera_truncada_p50,fracao_in_realizada_p50
equilibrado,2,1,365,300,82.29,99.57,119.31,16.00,23.00,0.016828,0.527285
equilibrado,2,7,365,300,82.43,100.77,120.02,16.00,23.00,0.016828,0.527285
equilibrado,3,1,365,300,52.27,63.31,76.69,9.00,10.00,0.017469,0.378152
equilibrado,3,7,365,300,54.98,66.96,79.47,10.00,10.00,0.017469,0.378152
equilibrado,4,1,365,300,73.81,86.10,99.89,11.00,11.00,0.024738,0.426522
equilibrado,4,7,365,300,77.83,89.92,102.44,12.00,16.00,0.024738,0.426522
equilibrado,6,1,365,300,96.84,110.49,123.50,11.00,18.00,0.027235,0.432768
equilibrado,6,7,365,300,98.50,112.15,125.01,12.00,18.00,0.027235,0.432768
equilibrado,8,1,365,300,114.66,126.21,136.51,11.00,17.00,0.025290,0.463066
equilibrado,8,7,365,300,116.75,127.62,138.14,12.00,18.00,0.025290,0.463066
equilibrado,12,1,365,300,111.98,123.14,133.94,9.00,17.00,0.028356,0.436141
equilibrado,12,7,365,300,113.31,124.79,135.46,10.00,18.00,0.028356,0.436141
equilibrado,16,1,365,300,110.74,119.92,129.15,8.00,16.00,0.028831,0.432541
equilibrado,16,7,365,300,112.27,121.06,130.63,9.00,17.00,0.028831,0.432541
equilibrado,24,1,365,300,119.86,129.50,139.12,9.00,18.00,0.029995,0.435307
equilibrado,24,7,365,300,120.26,130.28,139.67,9.00,18.00,0.029995,0.435307
equilibrado,32,1,365,300,127.11,135.66,143.24,8.00,18.00,0.029397,0.443639
equilibrado,32,7,365,300,127.58,136.01,143.53,8.00,18.00,0.029397,0.443639
retail_pesado,2,1,365,300,51.79,58.60,64.52,6.00,7.00,0.010201,0.100943
retail_pesado,2,7,365,300,51.79,58.60,64.54,6.00,7.00,0.010201,0.100943
retail_pesado,3,1,365,300,61.30,71.84,83.60,4.00,4.00,0.002265,0.257110
retail_pesado,3,7,365,300,61.53,71.97,83.76,4.00,4.00,0.002265,0.257110
retail_pesado,4,1,365,300,69.81,80.66,92.57,4.00,5.00,0.003168,0.240750
retail_pesado,4,7,365,300,69.99,80.78,92.87,4.00,5.00,0.003168,0.240750
retail_pesado,6,1,365,300,75.71,87.68,98.51,5.00,6.00,0.004450,0.217200
retail_pesado,6,7,365,300,75.75,87.83,98.69,5.00,6.00,0.004450,0.217200
retail_pesado,8,1,365,300,108.91,122.65,135.10,4.00,5.00,0.009689,0.304419
retail_pesado,8,7,365,300,109.11,123.34,136.03,5.00,6.00,0.009689,0.304419
retail_pesado,12,1,365,300,109.39,120.52,131.90,4.00,6.00,0.007485,0.284130
retail_pesado,12,7,365,300,109.55,120.99,132.40,4.00,6.00,0.007485,0.284130
retail_pesado,16,1,365,300,110.12,120.25,129.10,4.00,6.00,0.006502,0.275839
retail_pesado,16,7,365,300,110.12,120.40,129.40,4.00,6.00,0.006502,0.275839
retail_pesado,24,1,365,300,103.86,111.82,121.10,5.00,7.00,0.010150,0.264300
retail_pesado,24,7,365,300,103.92,111.86,121.20,5.00,7.00,0.010150,0.264300
retail_pesado,32,1,365,300,111.34,118.89,127.27,5.00,7.00,0.010610,0.274956
retail_pesado,32,7,365,300,111.40,118.95,127.29,5.00,7.00,0.010610,0.274956
corporativo_pesado,2,1,365,300,62.70,90.12,116.59,15.00,25.00,0.039868,0.652616
corporativo_pesado,2,7,365,300,62.70,90.35,116.59,17.00,25.00,0.039868,0.652616
corporativo_pesado,3,1,365,300,50.64,68.26,85.95,13.00,20.00,0.033909,0.461877
corporativo_pesado,3,7,365,300,49.78,66.90,85.25,16.00,20.00,0.033909,0.461877
corporativo_pesado,4,1,365,300,55.57,73.31,90.35,16.00,25.00,0.038391,0.549935
corporativo_pesado,4,7,365,300,55.65,72.77,89.72,18.00,26.00,0.038391,0.549935
corporativo_pesado,6,1,365,300,69.88,84.03,98.85,12.00,20.00,0.035873,0.467234
corporativo_pesado,6,7,365,300,69.14,83.53,98.55,15.00,20.00,0.035873,0.467234
corporativo_pesado,8,1,365,300,78.66,93.46,108.34,15.00,25.00,0.041106,0.528635
corporativo_pesado,8,7,365,300,78.40,93.28,108.39,18.00,25.00,0.041106,0.528635
corporativo_pesado,12,1,365,300,94.34,108.31,120.76,14.00,22.00,0.040448,0.510288
corporativo_pesado,12,7,365,300,94.12,108.03,120.58,17.00,23.00,0.040448,0.510288
corporativo_pesado,16,1,365,300,88.44,99.53,108.45,12.00,20.00,0.039195,0.475524
corporativo_pesado,16,7,365,300,88.11,99.31,107.99,14.00,20.00,0.039195,0.475524
corporativo_pesado,24,1,365,300,105.26,114.53,123.12,15.00,22.00,0.040062,0.512819
corporativo_pesado,24,7,365,300,105.07,114.53,123.25,17.00,23.00,0.040062,0.512819
corporativo_pesado,32,1,365,300,102.61,109.69,116.43,12.00,20.00,0.038896,0.492267
corporativo_pesado,32,7,365,300,102.58,109.63,116.32,15.00,20.00,0.038896,0.492267
psp_dominante,2,1,365,300,82.97,119.77,148.74,21.00,29.00,0.062235,0.704041
psp_dominante,2,7,365,300,82.97,119.77,148.74,23.00,29.00,0.062235,0.704041
psp_dominante,3,1,365,300,98.24,124.38,151.03,22.00,29.00,0.062753,0.702733
psp_dominante,3,7,365,300,98.24,124.38,151.03,24.00,29.00,0.062753,0.702733
psp_dominante,4,1,365,300,147.45,162.60,174.89,17.00,25.00,0.034815,0.523607
psp_dominante,4,7,365,300,149.98,164.67,177.74,18.00,26.00,0.034815,0.523607
psp_dominante,6,1,365,300,161.72,174.41,185.38,17.00,26.00,0.037281,0.523321
psp_dominante,6,7,365,300,163.74,176.61,188.02,19.00,27.00,0.037281,0.523321
psp_dominante,8,1,365,300,162.66,178.61,190.72,21.00,28.00,0.043940,0.565167
psp_dominante,8,7,365,300,163.14,180.36,192.48,21.00,28.00,0.043940,0.565167
psp_dominante,12,1,365,300,180.77,189.76,197.89,17.00,25.00,0.039607,0.526716
psp_dominante,12,7,365,300,181.26,191.28,199.51,18.00,26.00,0.039607,0.526716
psp_dominante,16,1,365,300,162.10,170.24,178.09,15.00,23.00,0.042439,0.506669
psp_dominante,16,7,365,300,163.20,171.61,179.74,16.00,25.00,0.042439,0.506669
psp_dominante,24,1,365,300,177.57,184.40,189.66,13.00,17.00,0.039087,0.502293
psp_dominante,24,7,365,300,178.09,185.01,190.74,14.00,20.00,0.039087,0.502293
psp_dominante,32,1,365,300,185.02,190.89,196.66,14.00,21.00,0.039043,0.507675
psp_dominante,32,7,365,300,185.81,191.35,196.93,15.00,22.00,0.039043,0.507675
